Top, left, bottom, right, isAlgalBloom
42.071379
-83.535678
41.378527
-82.519945
0